name,slug
Arsenal,arsenal
Chelsea,chelsea
Liverpool,liverpool
Manchester City,manchester-city
Manchester United,manchester-united
Tottenham Hotspur,tottenham-hotspur
Newcastle United,newcastle-united
Aston Villa,aston-villa
Brighton & Hove Albion,brighton-and-hove-albion
West Ham United,west-ham-united
Crystal Palace,crystal-palace
Fulham,fulham
Brentford,brentford
Wolverhampton Wanderers,wolverhampton-wanderers
Everton,everton
Nottingham Forest,nottingham-forest
AFC Bournemouth,afc-bournemouth
Leicester City,leicester-city
Ipswich Town,ipswich-town
Southampton,southampton
