player_name,player_slug,club_slug,source_name,source_url,researched_at,notes
William Saliba,william-saliba,arsenal,Arsenal FC,https://www.arsenal.com/news/william-saliba-signs-new-arsenal-contract-aVNSm7p6PxrL,2026-10-09,Already on FB Salaries salary list
Theo Hernández,theo-hernandez,al-hilal,AC Milan (departure),https://www.acmilan.com/en/news/articles/media/2025-07-10/official-statement-theo-hernandez,2026-10-09,Left Milan July 2025; joined Al-Hilal (Saudi Pro League)
Lucas Hernández,lucas-hernandez,paris-saint-germain,Paris Saint-Germain,https://www.psg.fr/en/players/lucas-hernandez,2026-10-09,At PSG since 2023; contract to 2028 per club/Transfermarkt
Lucas Digne,lucas-digne,aston-villa,Aston Villa FC,https://www.avfc.co.uk/news/2025/august/07/digne-signs-new-contract/,2026-10-09,Extended at Villa to 2028 (Aug 2025)
Malo Gusto,malo-gusto,chelsea,Chelsea FC,https://www.chelseafc.com/en/news/article/malo-gusto-on-continual-progression-and-striving-for-a-strong-end-to-2025,2026-10-09,At Chelsea; contract to 2030
Ibrahima Konaté,ibrahima-konate,real-madrid,Liverpool FC / Real Madrid,https://www.liverpoolfc.com/news/ibrahima-konate-join-real-madrid,2026-10-09,Free transfer to Real Madrid from 1 Jul 2026 (was Liverpool through 2025-26)
Aurélien Tchouaméni,aurelien-tchouameni,real-madrid,Real Madrid CF,https://www.realmadrid.com/en-US/football/first-team/players/aurelien-tchouameni,2026-10-09,At Real Madrid since 2022
N'Golo Kanté,ngolo-kante,fenerbahce,The Straits Times / Goal,https://www.straitstimes.com/sport/football/fenerbahce-sign-kante-from-al%E2%80%91ittihad-after-transfer-dispute,2026-10-09,Left Al-Ittihad Feb 2026; joined Fenerbahçe (Süper Lig)
Warren Zaïre-Emery,warren-zaire-emery,paris-saint-germain,Paris Saint-Germain,https://www.psg.fr/en/players/warren-zaire-emery,2026-10-09,PSG academy graduate; contract to 2029
Marcus Thuram,marcus-thuram,inter,FC Internazionale Milano,https://www.inter.it/en/teams/first-team/player/marcus-thuram,2026-10-09,At Inter since 2023
Jean-Philippe Mateta,jean-philippe-mateta,crystal-palace,Crystal Palace FC,https://www.cpfc.co.uk/teams/first-team/jean-philippe-mateta/,2026-10-09,At Palace; deal to 2027 per BBC (Jun 2025)
