player_name,player_slug,club_slug,position,nationality,dob,weekly_wage_gbp,annual_wage_gbp,contract_start,contract_end,status,source_name,source_url,reviewed_at,season,appearances,goals,assists,minutes
Erling Haaland,erling-haaland,manchester-city,Forward,Norway,2000-07-21,375000,,2022-07-01,2034-06-30,reported,The Athletic,https://www.nytimes.com/athletic/6075164/2025/01/21/inside-erling-haaland-contract/,2025-10-09,2024-25,31,22,3,2650
Rodri,rodri,manchester-city,Midfielder,Spain,1996-06-22,220000,,2022-07-01,2027-06-30,reported,BBC Sport,https://www.bbc.co.uk/sport/football/62134854,2025-10-09,2024-25,28,4,2,2400
Bernardo Silva,bernardo-silva,real-madrid,Midfielder,Portugal,1994-08-10,180000,,2026-07-01,2028-06-30,estimated,Sky Sports,https://www.skysports.com/transfer/news/12691/13554908/bernardo-silva-real-madrid-sign-manchester-city-midfielder-on-free-transfer-as-jose-mourinho-impact-continues,2026-10-09,2024-25,33,6,7,2800
Mohamed Salah,mohamed-salah,liverpool,Forward,Egypt,1992-06-15,350000,,2022-07-01,2027-06-30,reported,BBC Sport,https://www.bbc.com/sport/football/articles/c20xngdprpyo,2025-10-09,2024-25,38,29,18,3200
Virgil van Dijk,virgil-van-dijk,liverpool,Defender,Netherlands,1991-07-08,220000,,2021-08-01,2027-06-30,reported,BBC Sport,https://www.bbc.co.uk/sport/football/articles/c4glv4enpzlo,2025-10-09,2024-25,30,2,1,2700
Alexis Mac Allister,alexis-mac-allister,liverpool,Midfielder,Argentina,1998-12-24,160000,,2023-07-01,2028-06-30,reported,BBC Sport,https://www.bbc.co.uk/sport/football/65842033,2025-10-09,2024-25,35,5,5,2900
Bruno Fernandes,bruno-fernandes,manchester-united,Midfielder,Portugal,1994-09-08,240000,,2020-01-01,2027-06-30,reported,BBC Sport,https://www.bbc.co.uk/sport/football/51292312,2025-10-09,2024-25,36,8,12,3100
Marcus Rashford,marcus-rashford,manchester-united,Forward,England,1997-10-31,200000,,2023-07-01,2028-06-30,estimated,Sky Sports,https://www.skysports.com/football/news/11661/12887654/marcus-rashford-manchester-united-contract,2025-10-09,2024-25,30,6,3,2100
Heung-min Son,heung-min-son,lafc,Forward,South Korea,1992-07-08,199398,,2025-08-06,2027-12-31,reported,LAFC,https://www.lafc.com/news/lafc-signs-global-football-icon-son-heung-min,2026-10-09,2024-25,34,9,7,2800
James Maddison,james-maddison,tottenham-hotspur,Midfielder,England,1996-11-23,150000,,2023-07-01,2028-06-30,reported,BBC Sport,https://www.bbc.co.uk/sport/football/66049249,2025-10-09,2024-25,32,4,11,2600
Alexander Isak,alexander-isak,newcastle-united,Forward,Sweden,1999-09-21,180000,,2024-08-01,2028-06-30,reported,BBC Sport,https://www.bbc.co.uk/sport/football/62659383,2025-10-09,2024-25,34,23,6,2700
Bruno Guimaraes,bruno-guimaraes,newcastle-united,Midfielder,Brazil,1997-11-16,160000,,2022-01-01,2028-06-30,reported,BBC Sport,https://www.bbc.co.uk/sport/football/60169311,2025-10-09,2024-25,35,5,6,3000
Ollie Watkins,ollie-watkins,aston-villa,Forward,England,1995-12-30,170000,,2023-07-01,2028-06-30,reported,BBC Sport,https://www.bbc.co.uk/sport/football/67029899,2025-10-09,2024-25,37,16,4,3100
Morgan Gibbs-White,morgan-gibbs-white,nottingham-forest,Midfielder,England,2000-01-27,120000,,2023-07-01,2027-06-30,reported,BBC Sport,https://www.bbc.co.uk/sport/football/62604283,2025-10-09,2024-25,36,5,8,3200
Jarrod Bowen,jarrod-bowen,west-ham-united,Forward,England,1996-04-20,140000,,2023-07-01,2030-06-30,reported,BBC Sport,https://www.bbc.co.uk/sport/football/67043529,2025-10-09,2024-25,38,13,8,3400
Eberechi Eze,eberechi-eze,crystal-palace,Midfielder,England,1998-06-29,130000,,2023-07-01,2027-06-30,reported,BBC Sport,https://www.bbc.co.uk/sport/football/67377178,2025-10-09,2024-25,34,8,7,2900
Bryan Mbeumo,bryan-mbeumo,brentford,Forward,Cameroon,1999-08-09,110000,,2024-07-01,2029-06-30,reported,BBC Sport,https://www.bbc.co.uk/sport/articles/c7p0n3k19w2o,2025-10-09,2024-25,38,16,7,3300
Matheus Cunha,matheus-cunha,wolverhampton-wanderers,Forward,Brazil,1999-05-27,100000,,2024-07-01,2029-06-30,reported,BBC Sport,https://www.bbc.co.uk/sport/football/64093737,2025-10-09,2024-25,33,15,6,2800
Dominic Calvert-Lewin,dominic-calvert-lewin,leeds-united,Forward,England,1997-03-16,100000,,2025-08-15,2028-06-30,reported,Leeds United,https://www.yorkshireeveningpost.co.uk/sport/football/leeds-united/leeds-united-transfer-news-dominic-calvert-lewin-statement-contract-5274096,2026-10-09,2024-25,28,3,1,2000
Antoine Semenyo,antoine-semenyo,afc-bournemouth,Forward,Ghana,2000-01-07,90000,,2024-07-01,2028-06-30,reported,BBC Sport,https://www.bbc.com/sport/football/articles/c25lz2y2qq0o,2025-10-09,2024-25,37,11,5,3000
