player_name,player_slug,club_slug,position,nationality,dob,weekly_wage_gbp,annual_wage_gbp,contract_start,contract_end,status,source_name,source_url,reviewed_at,season,appearances,goals,assists,minutes,currency,wage_notes
Kylian Mbappé,kylian-mbappe,real-madrid,Forward,France,1998-12-20,288000,,2024-07-01,2029-06-30,reported,BBC Sport,https://www.bbc.com/sport/football/articles/czqqg40xv80o,2025-10-09,2024-25,34,22,4,2800,EUR,"€15M net base salary per season (÷52 above). Separate €150M signing-on fee over five years and image-rights share per BBC — not in weekly/annual columns."
Jude Bellingham,jude-bellingham,real-madrid,Midfielder,England,2003-06-29,385000,,2023-07-01,2029-06-30,estimated,BBC Sport,https://www.bbc.com/sport/football/65901078,2025-10-09,2024-25,32,12,6,2700,EUR,
Federico Valverde,federico-valverde,real-madrid,Midfielder,Uruguay,1998-07-22,220000,,2021-07-01,2029-06-30,reported,Real Madrid,https://www.realmadrid.com/en-US/news/football/first-team/latest-news/federico-valverde-renews-his-contract-with-real-madrid-c-f-until-2029,2025-10-09,2024-25,36,6,8,3000,EUR,
Thibaut Courtois,thibaut-courtois,real-madrid,Goalkeeper,Belgium,1992-05-11,200000,,2025-07-01,2027-06-30,reported,The Athletic,https://www.nytimes.com/athletic/6503501/2025/07/19/thibaut-courtois-real-madrid-contract/,2025-10-09,2024-25,28,0,0,2520,EUR,
Trent Alexander-Arnold,trent-alexander-arnold,real-madrid,Defender,England,1998-10-07,220000,,2025-07-01,2031-06-30,reported,BBC Sport,https://www.bbc.com/sport/football/articles/cz01k8nje54o,2025-10-09,2024-25,33,3,12,2900,EUR,
Jamal Musiala,jamal-musiala,bayern-munich,Midfielder,Germany,2003-02-26,200000,,2025-02-01,2030-06-30,reported,BBC Sport,https://www.bbc.com/sport/football/articles/cew5eq7pr27o,2025-10-09,2024-25,30,15,8,2600,EUR,
Alphonso Davies,alphonso-davies,bayern-munich,Defender,Canada,2000-11-02,180000,,2025-02-04,2030-06-30,reported,BBC Sport,https://www.bbc.com/sport/football/articles/c627ldk10dzo,2025-10-09,2024-25,31,2,5,2700,EUR,
Ousmane Dembélé,ousmane-dembele,paris-saint-germain,Forward,France,1997-05-15,250000,,2023-08-01,2028-06-30,reported,BBC Sport,https://www.bbc.com/sport/football/66485074,2025-10-09,2024-25,31,11,9,2700,EUR,
Achraf Hakimi,achraf-hakimi,paris-saint-germain,Defender,Morocco,1998-11-04,269000,,2025-02-01,2029-06-30,reported,France 24,https://www.france24.com/en/live-news/20250207-luis-enrique-hakimi-extend-psg-contracts,2025-10-09,2024-25,34,4,6,3000,EUR,"€14M net per season reported after 2025 extension (÷52). Prior deal was lower."
Khvicha Kvaratskhelia,khvicha-kvaratskhelia,paris-saint-germain,Forward,Georgia,2001-02-12,280000,,2025-01-17,2029-06-30,estimated,BBC Sport,https://www.bbc.com/sport/football/articles/c62eekn8vmmo,2025-10-09,2024-25,18,8,5,1400,EUR,
Romelu Lukaku,romelu-lukaku,napoli,Forward,Belgium,1993-05-13,325000,,2024-08-29,2028-06-30,reported,BBC Sport,https://www.bbc.com/sport/football/articles/c33nj4d0482o,2025-10-09,2024-25,28,14,2,2400,EUR,"Figure reflects ~£325k/wk cited at Chelsea exit; Napoli terms not fully disclosed."
Leroy Sané,leroy-sane,galatasaray,Forward,Germany,1996-01-11,173000,,2025-07-01,2028-06-30,reported,BBC Sport,https://www.bbc.com/sport/football/articles/cx2734y53lzo,2025-10-09,2024-25,35,12,8,2800,EUR,"€9M net guaranteed salary per season (÷52). Separate €3M/season loyalty bonus per Galatasaray KAP — not in weekly/annual columns."
Pedri,pedri,barcelona,Midfielder,Spain,2002-11-25,200000,,2025-01-30,2030-06-30,reported,FC Barcelona,https://www.fcbarcelona.com/en/football/first-team/news/4207990/pedri-signs-to-stay-with-barca-until-2030,2025-10-09,2024-25,32,4,7,2600,EUR,
Sergio Busquets,sergio-busquets,inter-miami,Midfielder,Spain,1988-07-16,450000,,2023-07-01,2025-12-31,reported,BBC Sport,https://www.bbc.co.uk/sport/football/66213439,2025-10-09,2024-25,28,2,5,2400,USD,
Luis Suárez,luis-suarez,inter-miami,Forward,Uruguay,1987-01-24,500000,,2024-01-01,2025-12-31,reported,BBC Sport,https://www.bbc.com/sport/football/67806904,2025-10-09,2024-25,25,18,6,2200,USD,
