player_slug,photo_url
achraf-hakimi,https://thumb.wikimedia.org/wikipedia/commons/thumb/5/56/Achraf_Hakimi_Morocco_v_Norway_7_June_2026-16.jpg/500px-Achraf_Hakimi_Morocco_v_Norway_7_June_2026-16.jpg?utm_source=en.wikipedia.org&utm_campaign=api&utm_content=thumbnail
adam-armstrong,https://upload.wikimedia.org/wikipedia/commons/9/9d/Southampton_Starting_Eleven_22112025_%281%29_%28cropped_Adam_Armstrong%29.jpg?utm_source=en.wikipedia.org&utm_campaign=api&utm_content=thumbnail_unscaled
adrien-rabiot,https://thumb.wikimedia.org/wikipedia/commons/thumb/6/62/Adrien_Rabiot_France_v_Senegal_16_June_2026-253.jpg/500px-Adrien_Rabiot_France_v_Senegal_16_June_2026-253.jpg?utm_source=en.wikipedia.org&utm_campaign=api&utm_content=thumbnail
adrien-truffert,https://thumb.wikimedia.org/wikipedia/commons/thumb/d/d3/Adrien_Truffert.jpg/500px-Adrien_Truffert.jpg?utm_source=en.wikipedia.org&utm_campaign=api&utm_content=thumbnail
alexander-isak,https://thumb.wikimedia.org/wikipedia/commons/thumb/3/32/Alexander_Isak_-_Sweden_-_Greece21_%28cropped%29.jpg/500px-Alexander_Isak_-_Sweden_-_Greece21_%28cropped%29.jpg?utm_source=en.wikipedia.org&utm_campaign=api&utm_content=thumbnail
alexandre-lacazette,https://thumb.wikimedia.org/wikipedia/commons/thumb/5/56/Lacazette_asse_ol_2425.png/500px-Lacazette_asse_ol_2425.png?utm_source=en.wikipedia.org&utm_campaign=api&utm_content=thumbnail
alexis-mac-allister,https://thumb.wikimedia.org/wikipedia/commons/thumb/d/db/Alexis_Mac_Allister_Argentina_v_Spain_19_July_2026-162_%28cropped%29.jpg/500px-Alexis_Mac_Allister_Argentina_v_Spain_19_July_2026-162_%28cropped%29.jpg?utm_source=en.wikipedia.org&utm_campaign=api&utm_content=thumbnail
alphonso-davies,https://thumb.wikimedia.org/wikipedia/commons/thumb/2/27/Alphonso_Davies_Canada_v_Qatar_18_June_2026-007_%28cropped%29.jpg/500px-Alphonso_Davies_Canada_v_Qatar_18_June_2026-007_%28cropped%29.jpg?utm_source=en.wikipedia.org&utm_campaign=api&utm_content=thumbnail
anastasios-bakasetas,https://upload.wikimedia.org/wikipedia/commons/f/f6/DK-AEK_%284%29_%28croppe.jpg?utm_source=en.wikipedia.org&utm_campaign=api&utm_content=thumbnail_unscaled
andy-diouf,https://thumb.wikimedia.org/wikipedia/commons/thumb/5/51/Andy_Diouf_ASSE_RCL_2425.jpg/500px-Andy_Diouf_ASSE_RCL_2425.jpg?utm_source=en.wikipedia.org&utm_campaign=api&utm_content=thumbnail
anthony-gordon,https://thumb.wikimedia.org/wikipedia/commons/thumb/d/dc/Anthony_Gordon_England_v_Ghana_23_June_2026-017_%28cropped%29.jpg/500px-Anthony_Gordon_England_v_Ghana_23_June_2026-017_%28cropped%29.jpg?utm_source=en.wikipedia.org&utm_campaign=api&utm_content=thumbnail
antoine-griezmann,https://thumb.wikimedia.org/wikipedia/commons/thumb/6/6e/FRA-ARG_%2810%29_%28cropped%29.jpg/500px-FRA-ARG_%2810%29_%28cropped%29.jpg?utm_source=en.wikipedia.org&utm_campaign=api&utm_content=thumbnail
antoine-semenyo,https://thumb.wikimedia.org/wikipedia/commons/thumb/5/51/Antoine_Semenyo_England_v_Ghana_23_June_2026-209_%28cropped2%29.jpg/500px-Antoine_Semenyo_England_v_Ghana_23_June_2026-209_%28cropped2%29.jpg?utm_source=en.wikipedia.org&utm_campaign=api&utm_content=thumbnail
aurelien-tchouameni,https://thumb.wikimedia.org/wikipedia/commons/thumb/c/c0/Aurelien_Tchouameni_France_v_Senegal_16_June_2026-447_%28cropped%29.jpg/500px-Aurelien_Tchouameni_France_v_Senegal_16_June_2026-447_%28cropped%29.jpg?utm_source=en.wikipedia.org&utm_campaign=api&utm_content=thumbnail
bernardo-silva,https://thumb.wikimedia.org/wikipedia/commons/thumb/d/d2/Bernardo_Silva_Croatia_v_Portugal_2_July_2026-238.jpg/500px-Bernardo_Silva_Croatia_v_Portugal_2_July_2026-238.jpg?utm_source=en.wikipedia.org&utm_campaign=api&utm_content=thumbnail
bradley-barcola,https://thumb.wikimedia.org/wikipedia/commons/thumb/f/f6/Bradley_Barcola_France_v_Spain_7.24.26-112_%28cropped%29.jpg/500px-Bradley_Barcola_France_v_Spain_7.24.26-112_%28cropped%29.jpg?utm_source=en.wikipedia.org&utm_campaign=api&utm_content=thumbnail
bruno-fernandes,https://thumb.wikimedia.org/wikipedia/commons/thumb/c/c7/Bruno_Fernandes_USMNT_v_Portugal_Mar_31_2026-27_%28cropped%29.jpg/500px-Bruno_Fernandes_USMNT_v_Portugal_Mar_31_2026-27_%28cropped%29.jpg?utm_source=en.wikipedia.org&utm_campaign=api&utm_content=thumbnail
bruno-guimaraes,https://thumb.wikimedia.org/wikipedia/commons/thumb/7/70/Bruno_Guimaraes_Brazil_V_Morocco_13_June_2026-78_%28cropped%29.jpg/500px-Bruno_Guimaraes_Brazil_V_Morocco_13_June_2026-78_%28cropped%29.jpg?utm_source=en.wikipedia.org&utm_campaign=api&utm_content=thumbnail
bryan-mbeumo,https://thumb.wikimedia.org/wikipedia/commons/thumb/7/78/Bryan_Mbeumo_00-02-31.18.png/500px-Bryan_Mbeumo_00-02-31.18.png?utm_source=en.wikipedia.org&utm_campaign=api&utm_content=thumbnail
bukayo-saka,https://thumb.wikimedia.org/wikipedia/commons/thumb/2/2f/Bukayo_Saka_England_v_Ghana_23_June_2026-057_%28cropped%29.jpg/500px-Bukayo_Saka_England_v_Ghana_23_June_2026-057_%28cropped%29.jpg?utm_source=en.wikipedia.org&utm_campaign=api&utm_content=thumbnail
cole-palmer,https://upload.wikimedia.org/wikipedia/commons/f/fb/Cole_Palmer_2025_FIFA_Club_World_Cup_Final.jpg?utm_source=en.wikipedia.org&utm_campaign=api&utm_content=thumbnail_unscaled
cristiano-ronaldo,https://thumb.wikimedia.org/wikipedia/commons/thumb/2/26/Cristiano_Ronaldo_Croatia_v_Portugal_2_July_2026-075_%28cropped%29.jpg/500px-Cristiano_Ronaldo_Croatia_v_Portugal_2_July_2026-075_%28cropped%29.jpg?utm_source=en.wikipedia.org&utm_campaign=api&utm_content=thumbnail
dan-burn,https://thumb.wikimedia.org/wikipedia/commons/thumb/1/14/Dan_Burn_England_v_Panama_27_June_26-048.jpg/500px-Dan_Burn_England_v_Panama_27_June_26-048.jpg?utm_source=en.wikipedia.org&utm_campaign=api&utm_content=thumbnail
david-raya,https://thumb.wikimedia.org/wikipedia/commons/thumb/8/8a/David_Raya_Argentina_v_Spain_19_July_2026-003_%28cropped%29.jpg/500px-David_Raya_Argentina_v_Spain_19_July_2026-003_%28cropped%29.jpg?utm_source=en.wikipedia.org&utm_campaign=api&utm_content=thumbnail
dayot-upamecano,https://thumb.wikimedia.org/wikipedia/commons/thumb/c/ca/Dayot_Upamecano_France_v_Senegal_16_June_2026-402_%28cropped%29.jpg/500px-Dayot_Upamecano_France_v_Senegal_16_June_2026-402_%28cropped%29.jpg?utm_source=en.wikipedia.org&utm_campaign=api&utm_content=thumbnail
dean-henderson,https://thumb.wikimedia.org/wikipedia/commons/thumb/0/0d/Dean_Henderson_England_v_Panama_27_June_26-039.jpg/500px-Dean_Henderson_England_v_Panama_27_June_26-039.jpg?utm_source=en.wikipedia.org&utm_campaign=api&utm_content=thumbnail
declan-rice,https://thumb.wikimedia.org/wikipedia/commons/thumb/5/5d/Declan_Rice_England_v_Ghana_23_June_2026-150.jpg/500px-Declan_Rice_England_v_Ghana_23_June_2026-150.jpg?utm_source=en.wikipedia.org&utm_campaign=api&utm_content=thumbnail
desire-doue,https://thumb.wikimedia.org/wikipedia/commons/thumb/9/92/Desire_Doue_France_v_Senegal_16_June_2026-264.jpg/500px-Desire_Doue_France_v_Senegal_16_June_2026-264.jpg?utm_source=en.wikipedia.org&utm_campaign=api&utm_content=thumbnail
diogo-costa,https://thumb.wikimedia.org/wikipedia/commons/thumb/4/45/Diogo_Costa_Croatia_v_Portugal_2_July_2026-188_%28cropped%29.jpg/500px-Diogo_Costa_Croatia_v_Portugal_2_July_2026-188_%28cropped%29.jpg?utm_source=en.wikipedia.org&utm_campaign=api&utm_content=thumbnail
diogo-dalot,https://thumb.wikimedia.org/wikipedia/commons/thumb/1/1f/Diogo_Dalot_USMNT_v_Portugal_Mar_31_2026-12.jpg/500px-Diogo_Dalot_USMNT_v_Portugal_Mar_31_2026-12.jpg?utm_source=en.wikipedia.org&utm_campaign=api&utm_content=thumbnail
djed-spence,https://thumb.wikimedia.org/wikipedia/commons/thumb/b/ba/Djed_Spence_England_v_Ghana_23_June_2026-022.jpg/500px-Djed_Spence_England_v_Ghana_23_June_2026-022.jpg?utm_source=en.wikipedia.org&utm_campaign=api&utm_content=thumbnail
dominic-calvert-lewin,https://thumb.wikimedia.org/wikipedia/commons/thumb/5/5e/Dominic_Calvert-Lewin_13092025_%285%29.jpg/500px-Dominic_Calvert-Lewin_13092025_%285%29.jpg?utm_source=en.wikipedia.org&utm_campaign=api&utm_content=thumbnail
dusan-tadic,https://upload.wikimedia.org/wikipedia/commons/7/75/Dusan_Tadic_EURO2024.png?utm_source=en.wikipedia.org&utm_campaign=api&utm_content=thumbnail_unscaled
dusan-vlahovic,https://thumb.wikimedia.org/wikipedia/commons/thumb/7/76/Dusan_Vlahovic.jpg/500px-Dusan_Vlahovic.jpg?utm_source=en.wikipedia.org&utm_campaign=api&utm_content=thumbnail
eberechi-eze,https://thumb.wikimedia.org/wikipedia/commons/thumb/c/c5/Eberechi_Eze_England_v_Ghana_23_June_2026-039.jpg/500px-Eberechi_Eze_England_v_Ghana_23_June_2026-039.jpg?utm_source=en.wikipedia.org&utm_campaign=api&utm_content=thumbnail
eduardo-camavinga,https://thumb.wikimedia.org/wikipedia/commons/thumb/0/05/Ofrenda_de_la_Liga_y_la_Champions-13-L.Mill%C3%A1n_%2852109790215%29_%28cropped%29.jpg/500px-Ofrenda_de_la_Liga_y_la_Champions-13-L.Mill%C3%A1n_%2852109790215%29_%28cropped%29.jpg?utm_source=en.wikipedia.org&utm_campaign=api&utm_content=thumbnail
elliot-anderson,https://thumb.wikimedia.org/wikipedia/commons/thumb/5/52/Elliot_Anderson_England_v_Ghana_23_June_2026-059_%28cropped%29.jpg/500px-Elliot_Anderson_England_v_Ghana_23_June_2026-059_%28cropped%29.jpg?utm_source=en.wikipedia.org&utm_campaign=api&utm_content=thumbnail
enzo-fernandez,https://thumb.wikimedia.org/wikipedia/commons/thumb/1/10/Enzo_Fernandez_Argentina_v_Spain_19_July_2026-050_%28cropped%29.jpg/500px-Enzo_Fernandez_Argentina_v_Spain_19_July_2026-050_%28cropped%29.jpg?utm_source=en.wikipedia.org&utm_campaign=api&utm_content=thumbnail
erling-haaland,https://thumb.wikimedia.org/wikipedia/commons/thumb/4/43/Erling_Haaland_Morocco_v_Norway_7_June_2026-51.jpg/500px-Erling_Haaland_Morocco_v_Norway_7_June_2026-51.jpg?utm_source=en.wikipedia.org&utm_campaign=api&utm_content=thumbnail
ezri-konsa,https://thumb.wikimedia.org/wikipedia/commons/thumb/c/c7/Ezri_Konsa_England_v_Panama_27_June_26-259_%28cropped%29.jpg/500px-Ezri_Konsa_England_v_Panama_27_June_26-259_%28cropped%29.jpg?utm_source=en.wikipedia.org&utm_campaign=api&utm_content=thumbnail
federico-valverde,https://thumb.wikimedia.org/wikipedia/commons/thumb/7/73/Federico_Valverde_2021_%28cropped%29.jpg/500px-Federico_Valverde_2021_%28cropped%29.jpg?utm_source=en.wikipedia.org&utm_campaign=api&utm_content=thumbnail
florian-wirtz,https://thumb.wikimedia.org/wikipedia/commons/thumb/7/70/Florian_Wirtz_Ecuador_v_Germany_25_June_2026-181_%28cropped%29.jpg/500px-Florian_Wirtz_Ecuador_v_Germany_25_June_2026-181_%28cropped%29.jpg?utm_source=en.wikipedia.org&utm_campaign=api&utm_content=thumbnail
francisco-conceicao,https://thumb.wikimedia.org/wikipedia/commons/thumb/a/a7/Francisco_Conceicao_Croatia_v_Portugal_2_July_2026-256.jpg/500px-Francisco_Conceicao_Croatia_v_Portugal_2_July_2026-256.jpg?utm_source=en.wikipedia.org&utm_campaign=api&utm_content=thumbnail
francisco-trincao,https://thumb.wikimedia.org/wikipedia/commons/thumb/c/c7/Francisco_Trinc%C3%A3o_USMNT_v_Portugal_Mar_31_2026-55_%28cropped%29.jpg/500px-Francisco_Trinc%C3%A3o_USMNT_v_Portugal_Mar_31_2026-55_%28cropped%29.jpg?utm_source=en.wikipedia.org&utm_campaign=api&utm_content=thumbnail
gerard-moreno,https://thumb.wikimedia.org/wikipedia/commons/thumb/9/9c/UEFA_EURO_qualifiers_Sweden_vs_Spain_20191015_138_%28cropped%29.jpg/500px-UEFA_EURO_qualifiers_Sweden_vs_Spain_20191015_138_%28cropped%29.jpg?utm_source=en.wikipedia.org&utm_campaign=api&utm_content=thumbnail
goncalo-guedes,https://thumb.wikimedia.org/wikipedia/commons/thumb/3/38/Goncalo_Guedes_Croatia_v_Portugal_2_July_2026-004.jpg/500px-Goncalo_Guedes_Croatia_v_Portugal_2_July_2026-004.jpg?utm_source=en.wikipedia.org&utm_campaign=api&utm_content=thumbnail
goncalo-inacio,https://thumb.wikimedia.org/wikipedia/commons/thumb/0/0a/Gon%C3%A7alo_In%C3%A1cio_USMNT_v_Portugal_Mar_31_2026-42_%28cropped%29.jpg/500px-Gon%C3%A7alo_In%C3%A1cio_USMNT_v_Portugal_Mar_31_2026-42_%28cropped%29.jpg?utm_source=en.wikipedia.org&utm_campaign=api&utm_content=thumbnail
goncalo-ramos,https://thumb.wikimedia.org/wikipedia/commons/thumb/c/ce/Gon%C3%A7alo_Ramos_USMNT_v_Portugal_Mar_31_2026-32_%28cropped%29.jpg/500px-Gon%C3%A7alo_Ramos_USMNT_v_Portugal_Mar_31_2026-32_%28cropped%29.jpg?utm_source=en.wikipedia.org&utm_campaign=api&utm_content=thumbnail
harry-kane,https://thumb.wikimedia.org/wikipedia/commons/thumb/a/a3/Harry_Kane_England_v_Ghana_23_June_2026-219_%28cropped%29.jpg/500px-Harry_Kane_England_v_Ghana_23_June_2026-219_%28cropped%29.jpg?utm_source=en.wikipedia.org&utm_campaign=api&utm_content=thumbnail
heung-min-son,https://thumb.wikimedia.org/wikipedia/commons/thumb/b/b0/BFA_2023_-2_Heung-Min_Son_%28cropped%29.jpg/500px-BFA_2023_-2_Heung-Min_Son_%28cropped%29.jpg?utm_source=en.wikipedia.org&utm_campaign=api&utm_content=thumbnail
ibrahima-konate,https://thumb.wikimedia.org/wikipedia/commons/thumb/f/f2/Ibrahima_Konate_France_v_Senegal_16_June_2026-516_%28cropped%29.jpg/500px-Ibrahima_Konate_France_v_Senegal_16_June_2026-516_%28cropped%29.jpg?utm_source=en.wikipedia.org&utm_campaign=api&utm_content=thumbnail
ivan-toney,https://thumb.wikimedia.org/wikipedia/commons/thumb/5/5e/Ivan_Toney_England_v_Ghana_23_June_2026-051.jpg/500px-Ivan_Toney_England_v_Ghana_23_June_2026-051.jpg?utm_source=en.wikipedia.org&utm_campaign=api&utm_content=thumbnail
jamal-musiala,https://thumb.wikimedia.org/wikipedia/commons/thumb/4/44/Jamal_Musiala_Ecuador_v_Germany_25_June_2026-174_%28cropped%29.jpg/500px-Jamal_Musiala_Ecuador_v_Germany_25_June_2026-174_%28cropped%29.jpg?utm_source=en.wikipedia.org&utm_campaign=api&utm_content=thumbnail
james-maddison,https://thumb.wikimedia.org/wikipedia/commons/thumb/9/92/James_Maddison_pre-match_training_%28cropped%29.jpg/500px-James_Maddison_pre-match_training_%28cropped%29.jpg?utm_source=en.wikipedia.org&utm_campaign=api&utm_content=thumbnail
james-trafford,https://thumb.wikimedia.org/wikipedia/commons/thumb/1/1d/James_Trafford_England_v_Ghana_23_June_2026-027.jpg/500px-James_Trafford_England_v_Ghana_23_June_2026-027.jpg?utm_source=en.wikipedia.org&utm_campaign=api&utm_content=thumbnail
jamie-vardy,https://thumb.wikimedia.org/wikipedia/commons/thumb/c/c1/Jamie_Vardy_2018_%28cropped%29.jpg/500px-Jamie_Vardy_2018_%28cropped%29.jpg?utm_source=en.wikipedia.org&utm_campaign=api&utm_content=thumbnail
jarell-quansah,https://thumb.wikimedia.org/wikipedia/commons/thumb/a/ae/Jarell_Quansah_England_v_Panama_27_June_26-046.jpg/500px-Jarell_Quansah_England_v_Panama_27_June_26-046.jpg?utm_source=en.wikipedia.org&utm_campaign=api&utm_content=thumbnail
jarrod-bowen,https://thumb.wikimedia.org/wikipedia/commons/thumb/3/31/JarrodBowen2023_%28cropped%29.jpeg/500px-JarrodBowen2023_%28cropped%29.jpeg?utm_source=en.wikipedia.org&utm_campaign=api&utm_content=thumbnail
jean-philippe-mateta,https://thumb.wikimedia.org/wikipedia/commons/thumb/b/b5/Jean-Philippe_Mateta_France_v_Senegal_16_June_2026-408_%28cropped%29.jpg/500px-Jean-Philippe_Mateta_France_v_Senegal_16_June_2026-408_%28cropped%29.jpg?utm_source=en.wikipedia.org&utm_campaign=api&utm_content=thumbnail
jeremy-jacquet,https://upload.wikimedia.org/wikipedia/commons/0/0d/Jacquet_asse_srfc_2425.png?utm_source=en.wikipedia.org&utm_campaign=api&utm_content=thumbnail_unscaled
joao-cancelo,https://thumb.wikimedia.org/wikipedia/commons/thumb/e/ef/Joao_Cancelo_Croatia_v_Portugal_2_July_2026-002.jpg/500px-Joao_Cancelo_Croatia_v_Portugal_2_July_2026-002.jpg?utm_source=en.wikipedia.org&utm_campaign=api&utm_content=thumbnail
joao-felix,https://thumb.wikimedia.org/wikipedia/commons/thumb/1/1c/Joao_Felix_Croatia_v_Portugal_2_July_2026-007.jpg/500px-Joao_Felix_Croatia_v_Portugal_2_July_2026-007.jpg?utm_source=en.wikipedia.org&utm_campaign=api&utm_content=thumbnail
joao-neves,https://thumb.wikimedia.org/wikipedia/commons/thumb/b/be/Joao_Neves_Croatia_v_Portugal_2_July_2026-102.jpg/500px-Joao_Neves_Croatia_v_Portugal_2_July_2026-102.jpg?utm_source=en.wikipedia.org&utm_campaign=api&utm_content=thumbnail
joao-pedro,https://upload.wikimedia.org/wikipedia/commons/1/1d/Jo%C3%A3o_Pedro%2C_2025_FIFA_Club_World_Cup_final_%2854654843615%29.jpg?utm_source=en.wikipedia.org&utm_campaign=api&utm_content=thumbnail_unscaled
jordan-henderson,https://thumb.wikimedia.org/wikipedia/commons/thumb/8/84/Jordan_Henderson_England_v_Ghana_23_June_2026-029_%28cropped%29.jpg/500px-Jordan_Henderson_England_v_Ghana_23_June_2026-029_%28cropped%29.jpg?utm_source=en.wikipedia.org&utm_campaign=api&utm_content=thumbnail
jordan-pickford,https://thumb.wikimedia.org/wikipedia/commons/thumb/4/4f/Jordan_Pickford_England_v_Ghana_23_June_2026-316_%28cropped%29.jpg/500px-Jordan_Pickford_England_v_Ghana_23_June_2026-316_%28cropped%29.jpg?utm_source=en.wikipedia.org&utm_campaign=api&utm_content=thumbnail
jose-sa,https://thumb.wikimedia.org/wikipedia/commons/thumb/3/38/Jos%C3%A9_S%C3%A1_USMNT_v_Portugal_Mar_31_2026-185_%28cropped%29.jpg/500px-Jos%C3%A9_S%C3%A1_USMNT_v_Portugal_Mar_31_2026-185_%28cropped%29.jpg?utm_source=en.wikipedia.org&utm_campaign=api&utm_content=thumbnail
jude-bellingham,https://thumb.wikimedia.org/wikipedia/commons/thumb/2/23/Jude_Bellingham_England_v_Ghana_23_June_2026-061_%28cropped%29.jpg/500px-Jude_Bellingham_England_v_Ghana_23_June_2026-061_%28cropped%29.jpg?utm_source=en.wikipedia.org&utm_campaign=api&utm_content=thumbnail
jules-kounde,https://thumb.wikimedia.org/wikipedia/commons/thumb/e/ee/Jules_Kounde_France_v_Senegal_16_June_2026-449_%28cropped%29.jpg/500px-Jules_Kounde_France_v_Senegal_16_June_2026-449_%28cropped%29.jpg?utm_source=en.wikipedia.org&utm_campaign=api&utm_content=thumbnail
julian-brandt,https://thumb.wikimedia.org/wikipedia/commons/thumb/9/96/2019-06-11_Fu%C3%9Fball%2C_M%C3%A4nner%2C_L%C3%A4nderspiel%2C_Deutschland-Estland_StP_2066_LR10_by_Stepro.jpg/500px-2019-06-11_Fu%C3%9Fball%2C_M%C3%A4nner%2C_L%C3%A4nderspiel%2C_Deutschland-Estland_StP_2066_LR10_by_Stepro.jpg?utm_source=en.wikipedia.org&utm_campaign=api&utm_content=thumbnail
kaoru-mitoma,https://upload.wikimedia.org/wikipedia/commons/6/65/Kaoru_Mitoma_2026.jpg?utm_source=en.wikipedia.org&utm_campaign=api&utm_content=thumbnail_unscaled
karim-benzema,https://thumb.wikimedia.org/wikipedia/commons/thumb/5/5f/Karim_Benzema_Pick.jpg/500px-Karim_Benzema_Pick.jpg?utm_source=en.wikipedia.org&utm_campaign=api&utm_content=thumbnail
khvicha-kvaratskhelia,https://thumb.wikimedia.org/wikipedia/commons/thumb/4/4a/Kvaratskhelia_asse_psg_2425.png/500px-Kvaratskhelia_asse_psg_2425.png?utm_source=en.wikipedia.org&utm_campaign=api&utm_content=thumbnail
kieran-trippier,https://upload.wikimedia.org/wikipedia/commons/d/d8/Kieran_Trippier_2018-07-14_1.jpg?utm_source=en.wikipedia.org&utm_campaign=api&utm_content=thumbnail_unscaled
kobbie-mainoo,https://thumb.wikimedia.org/wikipedia/commons/thumb/1/1f/Kobbie_Mainoo_England_v_Ghana_23_June_2026-042.jpg/500px-Kobbie_Mainoo_England_v_Ghana_23_June_2026-042.jpg?utm_source=en.wikipedia.org&utm_campaign=api&utm_content=thumbnail
kylian-mbappe,https://thumb.wikimedia.org/wikipedia/commons/thumb/9/95/Kylian_Mbappe_France_v_Senegal_16_June_2026-391_%28cropped%29.jpg/500px-Kylian_Mbappe_France_v_Senegal_16_June_2026-391_%28cropped%29.jpg?utm_source=en.wikipedia.org&utm_campaign=api&utm_content=thumbnail
lamine-yamal,https://thumb.wikimedia.org/wikipedia/commons/thumb/1/13/Lamine_Yamal_France_v_Spain_7.24.26-142.jpg/500px-Lamine_Yamal_France_v_Spain_7.24.26-142.jpg?utm_source=en.wikipedia.org&utm_campaign=api&utm_content=thumbnail
lautaro-martinez,https://thumb.wikimedia.org/wikipedia/commons/thumb/e/e9/Lautaro_Martinez_Argentina_v_Spain_19_July_2026-049_%28cropped%29.jpg/500px-Lautaro_Martinez_Argentina_v_Spain_19_July_2026-049_%28cropped%29.jpg?utm_source=en.wikipedia.org&utm_campaign=api&utm_content=thumbnail
leny-yoro,https://thumb.wikimedia.org/wikipedia/commons/thumb/a/a2/RC_Lens_-_Lille_OSC_%2808-10-2023%29_12_%28cropped1%29.jpg/500px-RC_Lens_-_Lille_OSC_%2808-10-2023%29_12_%28cropped1%29.jpg?utm_source=en.wikipedia.org&utm_campaign=api&utm_content=thumbnail
leroy-sane,https://thumb.wikimedia.org/wikipedia/commons/thumb/0/0a/Leroy_Sane_Ecuador_v_Germany_25_June_2026-119_%28cropped%29.jpg/500px-Leroy_Sane_Ecuador_v_Germany_25_June_2026-119_%28cropped%29.jpg?utm_source=en.wikipedia.org&utm_campaign=api&utm_content=thumbnail
liam-delap,https://upload.wikimedia.org/wikipedia/commons/6/66/Liam_Delap_in_2025.jpg?utm_source=en.wikipedia.org&utm_campaign=api&utm_content=thumbnail_unscaled
lionel-messi,https://thumb.wikimedia.org/wikipedia/commons/thumb/c/c8/Leo_Messi_Argentina_v_Egypt_7_July_2026-1.jpg/500px-Leo_Messi_Argentina_v_Egypt_7_July_2026-1.jpg?utm_source=en.wikipedia.org&utm_campaign=api&utm_content=thumbnail
lois-openda,https://thumb.wikimedia.org/wikipedia/commons/thumb/a/ac/Lo%C3%AFs_Openda_USMNT_v_Belgium_Mar_28_2026-19_%28cropped%29.jpg/500px-Lo%C3%AFs_Openda_USMNT_v_Belgium_Mar_28_2026-19_%28cropped%29.jpg?utm_source=en.wikipedia.org&utm_campaign=api&utm_content=thumbnail
lucas-da-cunha,https://thumb.wikimedia.org/wikipedia/commons/thumb/8/8b/Lucas_da_Cunha_france.jpg/500px-Lucas_da_Cunha_france.jpg?utm_source=commons.wikimedia.org&utm_campaign=imageinfo&utm_content=thumbnail
lucas-digne,https://thumb.wikimedia.org/wikipedia/commons/thumb/2/21/Lucas_Digne_France_v_Norway_26_June_26-043.jpg/500px-Lucas_Digne_France_v_Norway_26_June_26-043.jpg?utm_source=en.wikipedia.org&utm_campaign=api&utm_content=thumbnail
lucas-hernandez,https://thumb.wikimedia.org/wikipedia/commons/thumb/3/3d/Lucas_Hern%C3%A1ndez.jpg/500px-Lucas_Hern%C3%A1ndez.jpg?utm_source=commons.wikimedia.org&utm_campaign=imageinfo&utm_content=thumbnail
luis-suarez,https://thumb.wikimedia.org/wikipedia/commons/thumb/8/8a/Luis-Suarez.jpg/500px-Luis-Suarez.jpg
maghnes-akliouche,https://thumb.wikimedia.org/wikipedia/commons/thumb/5/5a/Maghnes_Akliouche_France_v_Senegal_16_June_2026-512.jpg/500px-Maghnes_Akliouche_France_v_Senegal_16_June_2026-512.jpg?utm_source=en.wikipedia.org&utm_campaign=api&utm_content=thumbnail
malo-gusto,https://thumb.wikimedia.org/wikipedia/commons/thumb/a/a2/Malo_Gusto_France_v_Senegal_16_June_2026-399.jpg/500px-Malo_Gusto_France_v_Senegal_16_June_2026-399.jpg?utm_source=en.wikipedia.org&utm_campaign=api&utm_content=thumbnail
manu-kone,https://thumb.wikimedia.org/wikipedia/commons/thumb/7/7d/Manu_Kone_France_v_Norway_26_June_26-066_%28cropped%29.jpg/500px-Manu_Kone_France_v_Norway_26_June_26-066_%28cropped%29.jpg?utm_source=en.wikipedia.org&utm_campaign=api&utm_content=thumbnail
marc-guehi,https://thumb.wikimedia.org/wikipedia/commons/thumb/d/dd/Marc_Guehi_England_v_Panama_27_June_26-182.jpg/500px-Marc_Guehi_England_v_Panama_27_June_26-182.jpg?utm_source=en.wikipedia.org&utm_campaign=api&utm_content=thumbnail
marcus-rashford,https://thumb.wikimedia.org/wikipedia/commons/thumb/5/54/Marcus_Rashford_England_v_Ghana_23_June_2026-073.jpg/500px-Marcus_Rashford_England_v_Ghana_23_June_2026-073.jpg?utm_source=en.wikipedia.org&utm_campaign=api&utm_content=thumbnail
marcus-thuram,https://thumb.wikimedia.org/wikipedia/commons/thumb/0/0a/Marcus_Thuram_France_v_Senegal_16_June_2026-261_%28cropped%29.jpg/500px-Marcus_Thuram_France_v_Senegal_16_June_2026-261_%28cropped%29.jpg?utm_source=en.wikipedia.org&utm_campaign=api&utm_content=thumbnail
martin-odegaard,https://thumb.wikimedia.org/wikipedia/commons/thumb/1/13/Martin_Odegaard_France_v_Norway_26_June_26-014.jpg/500px-Martin_Odegaard_France_v_Norway_26_June_26-014.jpg?utm_source=en.wikipedia.org&utm_campaign=api&utm_content=thumbnail
mason-greenwood,https://thumb.wikimedia.org/wikipedia/commons/thumb/e/e6/Mason_Greenwood_11_Fenerbah%C3%A7e_20260805_%284%29_%28cropped%29_%28cropped%29.JPG/500px-Mason_Greenwood_11_Fenerbah%C3%A7e_20260805_%284%29_%28cropped%29_%28cropped%29.JPG?utm_source=en.wikipedia.org&utm_campaign=api&utm_content=thumbnail
matheus-cunha,https://thumb.wikimedia.org/wikipedia/commons/thumb/3/31/Matheus_Cunha_Brazil_V_Morocco_13_June_2026-178_%28cropped%29.jpg/500px-Matheus_Cunha_Brazil_V_Morocco_13_June_2026-178_%28cropped%29.jpg?utm_source=en.wikipedia.org&utm_campaign=api&utm_content=thumbnail
matheus-nunes,https://thumb.wikimedia.org/wikipedia/commons/thumb/6/6e/Matheus_Nunes_USMNT_v_Portugal_Mar_31_2026-21_%28cropped%29.jpg/500px-Matheus_Nunes_USMNT_v_Portugal_Mar_31_2026-21_%28cropped%29.jpg?utm_source=en.wikipedia.org&utm_campaign=api&utm_content=thumbnail
matteo-politano,https://thumb.wikimedia.org/wikipedia/commons/thumb/e/ed/Politano_con_uno_striscione_per_Spinazzola.jpg/500px-Politano_con_uno_striscione_per_Spinazzola.jpg
mauro-icardi,https://thumb.wikimedia.org/wikipedia/commons/thumb/1/14/Mauro_Icardi_en_2025.jpg/500px-Mauro_Icardi_en_2025.jpg?utm_source=en.wikipedia.org&utm_campaign=api&utm_content=thumbnail
maxence-lacroix,https://thumb.wikimedia.org/wikipedia/commons/thumb/e/eb/Maxence_Lacroix_France_v_Norway_26_June_26-031_%28cropped%29.jpg/500px-Maxence_Lacroix_France_v_Norway_26_June_26-031_%28cropped%29.jpg?utm_source=en.wikipedia.org&utm_campaign=api&utm_content=thumbnail
michael-olise,https://thumb.wikimedia.org/wikipedia/commons/thumb/0/04/Michael_Olise_France_v_Senegal_16_June_2026-307_%28cropped%29.jpg/500px-Michael_Olise_France_v_Senegal_16_June_2026-307_%28cropped%29.jpg?utm_source=en.wikipedia.org&utm_campaign=api&utm_content=thumbnail
mohamed-salah,https://thumb.wikimedia.org/wikipedia/commons/thumb/a/a6/Mohamed_Salah_Argentina_v_Egypt_7_July_2026-163_%28cropped%29.jpg/500px-Mohamed_Salah_Argentina_v_Egypt_7_July_2026-163_%28cropped%29.jpg?utm_source=en.wikipedia.org&utm_campaign=api&utm_content=thumbnail
moises-caicedo,https://thumb.wikimedia.org/wikipedia/commons/thumb/0/0e/Moises_Caicedo_Ecuador_v_Germany_25_June_2026-051_%28cropped%29.jpg/500px-Moises_Caicedo_Ecuador_v_Germany_25_June_2026-051_%28cropped%29.jpg?utm_source=en.wikipedia.org&utm_campaign=api&utm_content=thumbnail
morgan-gibbs-white,https://thumb.wikimedia.org/wikipedia/commons/thumb/6/61/Morgan_Gibbs-White_-_Nottingham_Forest_-_2025.jpg/500px-Morgan_Gibbs-White_-_Nottingham_Forest_-_2025.jpg?utm_source=en.wikipedia.org&utm_campaign=api&utm_content=thumbnail
morgan-rogers,https://thumb.wikimedia.org/wikipedia/commons/thumb/2/28/Morgan_Rogers_England_v_Panama_27_June_26-144_%28cropped%29.jpg/500px-Morgan_Rogers_England_v_Panama_27_June_26-144_%28cropped%29.jpg?utm_source=en.wikipedia.org&utm_campaign=api&utm_content=thumbnail
nelson-semedo,https://thumb.wikimedia.org/wikipedia/commons/thumb/d/d5/Nelson_Semedo_Croatia_v_Portugal_2_July_2026-227.jpg/500px-Nelson_Semedo_Croatia_v_Portugal_2_July_2026-227.jpg?utm_source=en.wikipedia.org&utm_campaign=api&utm_content=thumbnail
neymar,https://thumb.wikimedia.org/wikipedia/commons/thumb/c/c0/Neymar_Junior_Brazil_V_Morocco_13_June_2026-40.jpg/500px-Neymar_Junior_Brazil_V_Morocco_13_June_2026-40.jpg?utm_source=en.wikipedia.org&utm_campaign=api&utm_content=thumbnail
ngolo-kante,https://thumb.wikimedia.org/wikipedia/commons/thumb/c/c1/N%27Golo_Kante_France_v_Senegal_16_June_2026-397.jpg/500px-N%27Golo_Kante_France_v_Senegal_16_June_2026-397.jpg?utm_source=en.wikipedia.org&utm_campaign=api&utm_content=thumbnail
nico-orielly,https://thumb.wikimedia.org/wikipedia/commons/thumb/a/ad/Nico_O%27Reilly_England_v_Ghana_23_June_2026-043_%28cropped%29.jpg/500px-Nico_O%27Reilly_England_v_Ghana_23_June_2026-043_%28cropped%29.jpg?utm_source=en.wikipedia.org&utm_campaign=api&utm_content=thumbnail
nicolas-jackson,https://thumb.wikimedia.org/wikipedia/commons/thumb/9/98/Nicolas_Jackson_20042025_%281%29.jpg/500px-Nicolas_Jackson_20042025_%281%29.jpg
noni-madueke,https://thumb.wikimedia.org/wikipedia/commons/thumb/4/45/Noni_Madueke_England_v_Panama_27_June_26-054.jpg/500px-Noni_Madueke_England_v_Panama_27_June_26-054.jpg?utm_source=en.wikipedia.org&utm_campaign=api&utm_content=thumbnail
nuno-mendes,https://thumb.wikimedia.org/wikipedia/commons/thumb/c/c0/Nuno_Mendes_Croatia_v_Portugal_2_July_2026-135_%28cropped%29.jpg/500px-Nuno_Mendes_Croatia_v_Portugal_2_July_2026-135_%28cropped%29.jpg?utm_source=en.wikipedia.org&utm_campaign=api&utm_content=thumbnail
ollie-watkins,https://thumb.wikimedia.org/wikipedia/commons/thumb/4/4a/Ollie_Watkins_England_v_Ghana_23_June_2026-035.jpg/500px-Ollie_Watkins_England_v_Ghana_23_June_2026-035.jpg?utm_source=en.wikipedia.org&utm_campaign=api&utm_content=thumbnail
ousmane-dembele,https://thumb.wikimedia.org/wikipedia/commons/thumb/6/69/Ousmane_Dembele_France_v_Senegal_16_June_2026-341_%28cropped%29_2.jpg/500px-Ousmane_Dembele_France_v_Senegal_16_June_2026-341_%28cropped%29_2.jpg?utm_source=en.wikipedia.org&utm_campaign=api&utm_content=thumbnail
paulo-dybala,https://upload.wikimedia.org/wikipedia/commons/b/b3/%D0%9C%D0%B0%D1%82%D1%87_%C2%AB%D0%94%D0%B8%D0%BD%D0%B0%D0%BC%D0%BE%C2%BB_-_%C2%AB%D0%AE%D0%B2%D0%B5%D0%BD%D1%82%D1%83%D1%81%C2%BB_0-2._20_%D0%BE%D0%BA%D1%82%D1%8F%D0%B1%D1%80%D1%8F_2020_%D0%B3%D0%BE%D0%B4%D0%B0_%E2%80%94_1153905_%28cropped%29.jpg?utm_source=en.wikipedia.org&utm_campaign=api&utm_content=thumbnail_unscaled
pedri,https://thumb.wikimedia.org/wikipedia/commons/thumb/1/1c/Pedri_France_v_Spain_7.24.26-245.jpg/500px-Pedri_France_v_Spain_7.24.26-245.jpg?utm_source=en.wikipedia.org&utm_campaign=api&utm_content=thumbnail
pedro-neto,https://thumb.wikimedia.org/wikipedia/commons/thumb/6/68/Pedro_Neto_Croatia_v_Portugal_2_July_2026-113.jpg/500px-Pedro_Neto_Croatia_v_Portugal_2_July_2026-113.jpg?utm_source=en.wikipedia.org&utm_campaign=api&utm_content=thumbnail
phil-foden,https://thumb.wikimedia.org/wikipedia/commons/thumb/5/53/2023-10-04_Fu%C3%9Fball%2C_M%C3%A4nner%2C_UEFA_Champions_League%2C_RB_Leipzig_-_Manchester_City_FC_1DX_2613%2C_Phil_Foden.jpg/500px-2023-10-04_Fu%C3%9Fball%2C_M%C3%A4nner%2C_UEFA_Champions_League%2C_RB_Leipzig_-_Manchester_City_FC_1DX_2613%2C_Phil_Foden.jpg?utm_source=en.wikipedia.org&utm_campaign=api&utm_content=thumbnail
pierre-kalulu,https://thumb.wikimedia.org/wikipedia/commons/thumb/7/72/PierreKalulu2022.jpg/500px-PierreKalulu2022.jpg?utm_source=en.wikipedia.org&utm_campaign=api&utm_content=thumbnail
rafael-leao,https://upload.wikimedia.org/wikipedia/commons/0/02/RafaelLe%C3%A3oPortugal23.jpg?utm_source=en.wikipedia.org&utm_campaign=api&utm_content=thumbnail_unscaled
raul-jimenez,https://thumb.wikimedia.org/wikipedia/commons/thumb/d/de/Ra%C3%BAl_Jim%C3%A9nez_04032026_%281%29.jpg/500px-Ra%C3%BAl_Jim%C3%A9nez_04032026_%281%29.jpg?utm_source=en.wikipedia.org&utm_campaign=api&utm_content=thumbnail
rayan-cherki,https://thumb.wikimedia.org/wikipedia/commons/thumb/9/97/Rayan_Cherki_France_v_Norway_26_June_26-114.jpg/500px-Rayan_Cherki_France_v_Norway_26_June_26-114.jpg?utm_source=en.wikipedia.org&utm_campaign=api&utm_content=thumbnail
reece-james,https://thumb.wikimedia.org/wikipedia/commons/thumb/3/3e/Reece_James_England_v_Ghana_23_June_2026-248_%28cropped%29.jpg/500px-Reece_James_England_v_Ghana_23_June_2026-248_%28cropped%29.jpg?utm_source=en.wikipedia.org&utm_campaign=api&utm_content=thumbnail
renato-veiga,https://thumb.wikimedia.org/wikipedia/commons/thumb/3/3a/Renato_Veiga_USMNT_v_Portugal_Mar_31_2026-20.jpg/500px-Renato_Veiga_USMNT_v_Portugal_Mar_31_2026-20.jpg?utm_source=en.wikipedia.org&utm_campaign=api&utm_content=thumbnail
roberto-firmino,https://thumb.wikimedia.org/wikipedia/commons/thumb/0/00/20180610_FIFA_Friendly_Match_Austria_vs._Brazil_Roberto_Firmino_850_1557.jpg/500px-20180610_FIFA_Friendly_Match_Austria_vs._Brazil_Roberto_Firmino_850_1557.jpg?utm_source=en.wikipedia.org&utm_campaign=api&utm_content=thumbnail
rodri,https://thumb.wikimedia.org/wikipedia/commons/thumb/4/41/RODRI_-_SWE_vs_ESP_-_UEFA_EURO_2020_QUALIFIERS_-_2019.10.15_%28cropped%29.jpg/500px-RODRI_-_SWE_vs_ESP_-_UEFA_EURO_2020_QUALIFIERS_-_2019.10.15_%28cropped%29.jpg
romelu-lukaku,https://thumb.wikimedia.org/wikipedia/commons/thumb/3/3a/Romelu_Lukaku_Belgium_v_USA_6_July_2026-038.jpg/500px-Romelu_Lukaku_Belgium_v_USA_6_July_2026-038.jpg?utm_source=en.wikipedia.org&utm_campaign=api&utm_content=thumbnail
ruben-dias,https://thumb.wikimedia.org/wikipedia/commons/thumb/6/6a/Diogo_Costa_Ruben_Dias_Croatia_v_Portugal_2_July_2026-181_%28cropped%29.jpg/500px-Diogo_Costa_Ruben_Dias_Croatia_v_Portugal_2_July_2026-181_%28cropped%29.jpg?utm_source=en.wikipedia.org&utm_campaign=api&utm_content=thumbnail
ruben-neves,https://thumb.wikimedia.org/wikipedia/commons/thumb/b/b8/Ruben_Neves_USMNT_v_Portugal_Mar_31_2026-25.jpg/500px-Ruben_Neves_USMNT_v_Portugal_Mar_31_2026-25.jpg?utm_source=en.wikipedia.org&utm_campaign=api&utm_content=thumbnail
rui-silva,https://thumb.wikimedia.org/wikipedia/commons/thumb/9/9f/Rui_Silva_USMNT_v_Portugal_Mar_31_2026-14_%28cropped%29.jpg/500px-Rui_Silva_USMNT_v_Portugal_Mar_31_2026-14_%28cropped%29.jpg?utm_source=en.wikipedia.org&utm_campaign=api&utm_content=thumbnail
samu-costa,https://thumb.wikimedia.org/wikipedia/commons/thumb/4/4d/Sam%C3%BA_Costa_USMNT_v_Portugal_Mar_31_2026-54_%28cropped%29.jpg/500px-Sam%C3%BA_Costa_USMNT_v_Portugal_Mar_31_2026-54_%28cropped%29.jpg?utm_source=en.wikipedia.org&utm_campaign=api&utm_content=thumbnail
sergio-busquets,https://thumb.wikimedia.org/wikipedia/commons/thumb/4/40/Sergio_Busquets_NYCFC_Miami_24_Sep_2025-020_%28cropped%29.jpg/500px-Sergio_Busquets_NYCFC_Miami_24_Sep_2025-020_%28cropped%29.jpg?utm_source=en.wikipedia.org&utm_campaign=api&utm_content=thumbnail
takefusa-kubo,https://thumb.wikimedia.org/wikipedia/commons/thumb/e/ea/Takefusa_Kubo.jpg/500px-Takefusa_Kubo.jpg?utm_source=en.wikipedia.org&utm_campaign=api&utm_content=thumbnail
takumi-minamino,https://thumb.wikimedia.org/wikipedia/commons/thumb/1/16/Minamino_asse_asm_2425.png/500px-Minamino_asse_asm_2425.png?utm_source=en.wikipedia.org&utm_campaign=api&utm_content=thumbnail
theo-hernandez,https://thumb.wikimedia.org/wikipedia/commons/thumb/9/9d/Theo_Hernandez_France_v_Norway_26_June_26-122.jpg/500px-Theo_Hernandez_France_v_Norway_26_June_26-122.jpg?utm_source=commons.wikimedia.org&utm_campaign=imageinfo&utm_content=thumbnail
thibaut-courtois,https://thumb.wikimedia.org/wikipedia/commons/thumb/a/a4/Thibaut_Courtois_Belgium_v_USA_6_July_2026-076_%28cropped%29.jpg/500px-Thibaut_Courtois_Belgium_v_USA_6_July_2026-076_%28cropped%29.jpg?utm_source=en.wikipedia.org&utm_campaign=api&utm_content=thumbnail
tino-livramento,https://thumb.wikimedia.org/wikipedia/commons/thumb/c/c3/Newcastle_United_vs_AFC_Bournemouth%2C_5_September_2026_%2817%29.jpg/500px-Newcastle_United_vs_AFC_Bournemouth%2C_5_September_2026_%2817%29.jpg?utm_source=commons.wikimedia.org&utm_campaign=imageinfo&utm_content=thumbnail
tomas-araujo,https://thumb.wikimedia.org/wikipedia/commons/thumb/f/f5/Tom%C3%A1s_Ara%C3%BAjo_USMNT_v_Portugal_Mar_31_2026-40_%28cropped%29.jpg/500px-Tom%C3%A1s_Ara%C3%BAjo_USMNT_v_Portugal_Mar_31_2026-40_%28cropped%29.jpg?utm_source=en.wikipedia.org&utm_campaign=api&utm_content=thumbnail
trent-alexander-arnold,https://upload.wikimedia.org/wikipedia/commons/5/5d/Trent_Alexander-Arnold_2018_%28cropped%29.jpg?utm_source=en.wikipedia.org&utm_campaign=api&utm_content=thumbnail_unscaled
trevoh-chalobah,https://thumb.wikimedia.org/wikipedia/commons/thumb/8/80/Trevoh_Chalobah_England_v_Panama_27_June_26-051.jpg/500px-Trevoh_Chalobah_England_v_Panama_27_June_26-051.jpg?utm_source=en.wikipedia.org&utm_campaign=api&utm_content=thumbnail
victor-osimhen,https://thumb.wikimedia.org/wikipedia/commons/thumb/3/34/Victor-osimhen-nigeria-2024-3-4.jpg/500px-Victor-osimhen-nigeria-2024-3-4.jpg?utm_source=en.wikipedia.org&utm_campaign=api&utm_content=thumbnail
vincent-aboubakar,https://thumb.wikimedia.org/wikipedia/commons/thumb/6/6d/Vincent_Aboubakar_10.jpg/500px-Vincent_Aboubakar_10.jpg?utm_source=en.wikipedia.org&utm_campaign=api&utm_content=thumbnail
vinicius-junior,https://thumb.wikimedia.org/wikipedia/commons/thumb/1/10/Vin%C3%ADcius_J%C3%BAnior_Brazil_V_Morocco_13_June_2026-207_%28cropped%29.jpg/500px-Vin%C3%ADcius_J%C3%BAnior_Brazil_V_Morocco_13_June_2026-207_%28cropped%29.jpg?utm_source=en.wikipedia.org&utm_campaign=api&utm_content=thumbnail
virgil-van-dijk,https://thumb.wikimedia.org/wikipedia/commons/thumb/5/5d/20160604_AUT_NED_8876_%28cropped%29.jpg/500px-20160604_AUT_NED_8876_%28cropped%29.jpg?utm_source=en.wikipedia.org&utm_campaign=api&utm_content=thumbnail
vitinha,https://thumb.wikimedia.org/wikipedia/commons/thumb/b/bf/Vitinha_%28PSG%29.jpg/500px-Vitinha_%28PSG%29.jpg
warren-zaire-emery,https://thumb.wikimedia.org/wikipedia/commons/thumb/2/2b/Warren_Zaire-Emery_France_v_Senegal_16_June_2026-279.jpg/500px-Warren_Zaire-Emery_France_v_Senegal_16_June_2026-279.jpg?utm_source=en.wikipedia.org&utm_campaign=api&utm_content=thumbnail
william-saliba,https://thumb.wikimedia.org/wikipedia/commons/thumb/0/06/William_Saliba_France_v_Paraguay_4_July_2026-183.jpg/500px-William_Saliba_France_v_Paraguay_4_July_2026-183.jpg?utm_source=en.wikipedia.org&utm_campaign=api&utm_content=thumbnail
youssef-en-nesyri,https://thumb.wikimedia.org/wikipedia/commons/thumb/2/26/Ennesyri.jpg/500px-Ennesyri.jpg?utm_source=en.wikipedia.org&utm_campaign=api&utm_content=thumbnail
