player_slug,source_name,source_url
erling-haaland,The Athletic,https://www.nytimes.com/athletic/6075164/2025/01/21/inside-erling-haaland-contract/
rodri,BBC Sport,https://www.bbc.co.uk/sport/football/62134854
bernardo-silva,BBC Sport,https://www.bbc.co.uk/sport/football/66584865
mohamed-salah,BBC Sport,https://www.bbc.com/sport/football/articles/c20xngdprpyo
virgil-van-dijk,BBC Sport,https://www.bbc.co.uk/sport/football/articles/c4glv4enpzlo
alexis-mac-allister,BBC Sport,https://www.bbc.co.uk/sport/football/65842033
bruno-fernandes,BBC Sport,https://www.bbc.co.uk/sport/football/51292312
marcus-rashford,Sky Sports,https://www.skysports.com/football/news/11661/12887654/marcus-rashford-manchester-united-contract
heung-min-son,BBC Sport,https://www.bbc.co.uk/sport/football/57941327
james-maddison,BBC Sport,https://www.bbc.co.uk/sport/football/66049249
alexander-isak,BBC Sport,https://www.bbc.co.uk/sport/football/62659383
bruno-guimaraes,BBC Sport,https://www.bbc.co.uk/sport/football/60169311
ollie-watkins,BBC Sport,https://www.bbc.co.uk/sport/football/67029899
morgan-gibbs-white,BBC Sport,https://www.bbc.co.uk/sport/football/62604283
jarrod-bowen,BBC Sport,https://www.bbc.co.uk/sport/football/67043529
eberechi-eze,BBC Sport,https://www.bbc.co.uk/sport/football/67377178
bryan-mbeumo,BBC Sport,https://www.bbc.co.uk/sport/articles/c7p0n3k19w2o
matheus-cunha,BBC Sport,https://www.bbc.co.uk/sport/football/64093737
dominic-calvert-lewin,BBC Sport,https://www.bbc.co.uk/sport/football/64840029
antoine-semenyo,BBC Sport,https://www.bbc.com/sport/football/articles/c25lz2y2qq0o
bukayo-saka,BBC Sport,https://www.bbc.co.uk/sport/football/65686263
declan-rice,The Athletic,https://www.nytimes.com/athletic/4672030/2023/07/15/declan-rice-arsenal-transfer-complete/
martin-odegaard,BBC Sport,https://www.bbc.co.uk/sport/football/58279217
cole-palmer,Sky Sports,https://www.skysports.com/football/news/11668/13196429/cole-palmer-chelsea-forward-signs-two-year-contract-extension-at-stamford-bridge-until-summer-2033
moises-caicedo,The Guardian,https://www.theguardian.com/football/2023/aug/14/chelsea-sign-moises-caicedo-british-record-115m-deal-brighton
kaoru-mitoma,BBC Sport,https://www.bbc.co.uk/sport/football/67169569
joao-pedro,BBC Sport,https://www.bbc.co.uk/sport/football/65904660
raul-jimenez,BBC Sport,https://www.bbc.co.uk/sport/football/66308712
jamie-vardy,BBC Sport,https://www.bbc.co.uk/sport/football/62615501
liam-delap,BBC Sport,https://www.bbc.co.uk/sport/football/articles/c880dme9x1eo
adam-armstrong,BBC Sport,https://www.bbc.com/sport/football/articles/c3g38dj6v40o
trevoh-chalobah,BBC Sport,https://www.bbc.co.uk/sport/football/articles/c147vvrknreo
kieran-trippier,BBC Sport,https://www.bbc.co.uk/sport/articles/cvdgly3gyv0o
william-saliba,BBC Sport,https://www.bbc.co.uk/sport/football/65868632
david-raya,BBC Sport,https://www.bbc.co.uk/sport/football/articles/cvgy0542qjvo
enzo-fernandez,The Guardian,https://www.theguardian.com/football/2023/feb/01/chelsea-to-sign-enzo-fernandez-benfica-british-record-transfer-fee
reece-james,BBC Sport,https://www.bbc.co.uk/sport/football/62795896
nicolas-jackson,BBC Sport,https://www.bbc.co.uk/sport/football/66007461
jean-philippe-mateta,Capology,https://www.capology.com/player/jean-philippe-mateta-35609/
malo-gusto,The National,https://www.thenationalnews.com/sport/football/2025/08/12/chelsea-salaries-2025-26/
lucas-digne,Capology,https://www.capology.com/player/lucas-digne-32465/
maxence-lacroix,BBC Sport,https://www.bbc.com/sport/football/articles/cg4d11g46lpo
rayan-cherki,Capology,https://www.capology.com/player/rayan-cherki-37758/
leny-yoro,Capology,https://www.capology.com/player/leny-yoro-38669/
ibrahima-konate,BBC Sport,https://www.bbc.com/sport/football/articles/crr8797ek15o
bradley-barcola,BBC Sport,https://www.bbc.com/sport/football/articles/c9qrj4p58j4o
adrien-truffert,Capology,https://www.capology.com/player/adrien-truffert-37215/
jeremy-jacquet,BBC Sport,https://www.bbc.com/sport/football/articles/cj6gd04814no
